{ "width": 1479.8, "height": 424.95, "clips": [{ "clipPath": "M368.3,184.15c0,101.70324 -82.44676,184.15 -184.15,184.15c-101.70324,0 -184.15,-82.44676 -184.15,-184.15c0,-101.70324 82.44676,-184.15 184.15,-184.15c101.70324,0 184.15,82.44676 184.15,184.15z", "styles": { "x": 36.04999999999998, "y": 28.329999999999984, "width": 368.30000000000007, "height": 368.3 } }], "decoration": { "category": "A", "scaleType": 0, "vSize": [1479.8, 424.95], "styleArray": ["fill:$color[0];"], "color": ["#C5E6ED"], "svg": "<g>   <path class=\"$style[0]\" d=\"M1267.5,0.37V0H212.29v0.18C95.05,0.18,0,95.23,0,212.48s95.05,212.29,212.29,212.29v0.18H1267.5    c117.25,0,212.29-95.05,212.29-212.29S1384.75,0.37,1267.5,0.37z\"></path>     </g>" } }