{ "width": 1080.59, "height": 1080.59, "clips": [{ "clipPath": "M0,0h671.74v1080.59h-671.74z", "styles": { "x": 0, "y": 0, "width": 671.74, "height": 1080.59 } }, { "clipPath": "M0,0h388.9v388.9h-388.9z", "styles": { "x": 691.69, "y": 691.69, "width": 388.9000000000001, "height": 388.9000000000001 } }, { "clipPath": "M0,0h388v670.84h-388z", "styles": { "x": 692.59, "y": 0, "width": 388.0000000000001, "height": 670.84 } }, { "clipPath": "M0,0h388.9v388.9h-388.9z", "styles": { "x": 691.69, "y": 691.69, "width": 388.9000000000001, "height": 388.9000000000001 } }], "decoration": { "category": "A", "scaleType": 0, "vSize": [1080.59, 1080.59], "styleArray": ["fill:$color[0];"], "color": ["#FFFFFF"], "svg": "<g>        <rect x=\"691.69\" y=\"691.69\" class=\"$style[0]\" width=\"0.91\" height=\"388.9\"></rect>   </g>" } }